{"epoch": 4, "train_kl_loss": 1.382746097445488, "train_mse_loss": 1.1135440846867355, "train_total_loss": 1.3558258661949956, "train_mae": 0.8103629382880958, "val_weighted_mse": 0.8350773601371873, "val_avg_mse": 0.8415149001771564, "val_mae": 0.7262629654954936, "_timestamp": 1752544258.6161115, "_runtime": 39350.73140645027, "_step": 7, "best_val_mae": 0.7262629654954936, "best_epoch": 4, "_wandb": {"runtime": 46203}}