{"epoch": 7, "train_kl_loss": 0.7887082118138268, "train_mse_loss": 0.32645134139913007, "train_total_loss": 0.742482505104429, "train_mae": 0.44729958732385894, "val_weighted_mse": 0.751729355602212, "val_avg_mse": 0.7594328769570312, "val_mae": 0.6848463659154875, "_timestamp": 1752498822.9997962, "_runtime": 68142.21776413918, "_step": 7, "best_val_mae": 0.6703929916080298, "best_epoch": 1, "_wandb": {"runtime": 74047}}